{"Openness":{"0":0.7178415282,"1":0.7305225655,"2":0.7033053958,"3":0.7390634392,"4":0.736321538,"5":0.783293529,"6":0.7554860708,"7":0.7358458363},"Conscientiousness":{"0":0.6467874014,"1":0.6171724555,"2":0.7130299229,"3":0.674790806,"4":0.7002677201,"5":0.5959937893,"6":0.6697681482,"7":0.7033841611},"Extraversion":{"0":0.5553136423,"1":0.5828481597,"2":0.5985386392,"3":0.6151575071,"4":0.6010913022,"5":0.5480739386,"6":0.5770231615,"7":0.618361062},"Agreeableness":{"0":0.7741193582,"1":0.7669123171,"2":0.7964090652,"3":0.7804426227,"4":0.7962926443,"5":0.7107446459,"6":0.7715198334,"7":0.806694079},"Emotional range":{"0":0.4916558273,"1":0.4963506657,"2":0.5435240668,"3":0.5415558891,"4":0.5554945141,"5":0.5778848183,"6":0.4774361738,"7":0.5675020211},"Challenge":{"0":0.80677374,"1":0.7662534732,"2":0.8512074743,"3":0.7979191789,"4":0.7888668185,"5":0.7095134349,"6":0.7853416377,"7":0.7802085021},"Closeness":{"0":0.809435695,"1":0.8377511492,"2":0.8350535297,"3":0.8087729181,"4":0.8039612627,"5":0.7344815079,"6":0.8228992946,"7":0.8163090869},"Curiosity":{"0":0.8173481686,"1":0.8298132244,"2":0.826483413,"3":0.8233416473,"4":0.8063881562,"5":0.76845415,"6":0.8438025628,"7":0.8126794561},"Excitement":{"0":0.7544775657,"1":0.7608078022,"2":0.793675059,"3":0.7575389754,"4":0.7142731114,"5":0.6450481823,"6":0.7091401882,"7":0.7057426521},"Harmony":{"0":0.8373951302,"1":0.8365660959,"2":0.8478616873,"3":0.8263677287,"4":0.8134450429,"5":0.7502097212,"6":0.8452028161,"7":0.8318610794},"Ideal":{"0":0.7325173964,"1":0.7664720467,"2":0.7593473125,"3":0.745946672,"4":0.7240515755,"5":0.6403329582,"6":0.753145694,"7":0.7372486992},"Liberty":{"0":0.764999571,"1":0.7930954902,"2":0.8048337078,"3":0.7746876562,"4":0.7605387342,"5":0.6849246093,"6":0.7761846311,"7":0.7709340474},"Love":{"0":0.7901475099,"1":0.8069836641,"2":0.8220963706,"3":0.8006406833,"4":0.7693073808,"5":0.6960530249,"6":0.7893810403,"7":0.797107517},"Practicality":{"0":0.7449866367,"1":0.757608058,"2":0.7499513689,"3":0.740426401,"4":0.7382592819,"5":0.7582838212,"6":0.7363807197,"7":0.7430557162},"Self-expression":{"0":0.6716894537,"1":0.6826311408,"2":0.666620718,"3":0.6724313624,"4":0.6635489561,"5":0.6522988102,"6":0.7030952121,"7":0.665953778},"Stability":{"0":0.7675948233,"1":0.7925312974,"2":0.8258752076,"3":0.7909007398,"4":0.7882082309,"5":0.7634593363,"6":0.7577796072,"7":0.7880402831},"Structure":{"0":0.731132632,"1":0.7144778547,"2":0.7655808398,"3":0.72453709,"4":0.7326349515,"5":0.7035272074,"6":0.6581250841,"7":0.7259745104}}